{
  "AndroidManifest.xml": "712a0a40848b504ddd617fa6e88681b007363c6447bfa6f72fdcc4fd061d3bcf",
  "assets/arservicesforexpressionfitting/libs.spo": "c277f4407e8942109d6758c17f0acdcb2cfc955db67e00115bc90420283e190c",
  "assets/arservicesforexpressionfitting/libs.txt": "be4e64f005fde93d563c77390f20ae0c282a29d10b9e70e4366fa1cd78e7266e",
  "assets/arservicesforexpressionfitting/metadata.txt": "6ba6c21e6e075d51ddbd5a0221e97ee848099fec9f84e12ec6d423c42055ae6d",
  "assets/arservicesforexpressionfitting/store-0.dex.spo": "c63b4bb3034782ee311dfe5372445ec92700411dd42440bde5d005cc5ec40f22"
}