[
  {
    "disabled": false,
    "hash": "3c00f3f4f4cc01379f8b6aa114ab138ef74a893968ac023ba68b22bd92e58ac9",
    "name": "arsegmentation",
    "path": "arsegmentation.apk"
  },
  {
    "disabled": false,
    "hash": "5ca98732bc7db18c92cdf1c543462308026008b1806884444cccd816f04e8491",
    "name": "arservicesforexpressionfitting",
    "path": "arservicesforexpressionfitting.apk"
  },
  {
    "disabled": false,
    "hash": "9720f0d748dfb39838230dcc4c272f76233948c09f283fb15584c7eb59066b95",
    "name": "arservicesforruntimerigmapping",
    "path": "arservicesforruntimerigmapping.apk"
  },
  {
    "disabled": false,
    "hash": "1966c1d1f72623b3cc1de01be289f57a1bc2efaca3d4959bc5d7db7db1d58181",
    "name": "baseline_profiles_12_plus",
    "path": "baseline_profiles_12_plus.apk"
  },
  {
    "disabled": false,
    "hash": "1468ec848fe6e778939259a1f8b18f0d0c89b78252b4cd5914eb7961f4b1d039",
    "name": "baseline_profiles_9_11",
    "path": "baseline_profiles_9_11.apk"
  },
  {
    "disabled": false,
    "hash": "100bc0570633a2e2416c03cc935510995a8d0617c933c6bbd824820b19a4dd47",
    "name": "cgnativeplayer",
    "path": "cgnativeplayer.apk"
  },
  {
    "disabled": false,
    "hash": "4753ae66e20af9f8d841e444b88694ff82878791002162b4b3be6ab758cb99f9",
    "name": "cgwebrtc",
    "path": "cgwebrtc.apk"
  },
  {
    "disabled": false,
    "hash": "3286099a37becea27f344899161633214bb0e6c439260b26e250937dd86667d1",
    "name": "compphoto",
    "path": "compphoto.apk"
  },
  {
    "disabled": false,
    "hash": "d854dbf6ced3263dc0aac1ec37c5fe46f96b8f5aba6fc7d879cecbafd0f72d6c",
    "name": "creditcardscanner",
    "path": "creditcardscanner.apk"
  },
  {
    "disabled": true,
    "hash": "e4d576d5020a7bfc937d1d13f3a51bc95fc4799ac5144d4c341e94d96e586b14",
    "name": "d_longtail_raw_v10",
    "path": "d_longtail_raw_v10.apk"
  },
  {
    "disabled": false,
    "hash": "98278bb11f13e9463227c0c3b9c59dc0ce079c39653c6899979fd5693151562f",
    "name": "fb4a_stories_editor",
    "path": "fb4a_stories_editor.apk"
  },
  {
    "disabled": false,
    "hash": "ac900a9feac0418d5d5ff30a986d481dc0de13eb9b27dfb24e0bb19bc7b88041",
    "name": "fb4a_stories_homebase",
    "path": "fb4a_stories_homebase.apk"
  },
  {
    "disabled": false,
    "hash": "4c7404d7d7eee5df0ea77594298da0ccb212e93e0b7db2626bbeeb933f2cdf4f",
    "name": "i18n_af_ZA",
    "path": "i18n_af_ZA.apk"
  },
  {
    "disabled": false,
    "hash": "e00f5c82998e176c7e613bcd8d02d4403e612fd6441a5a7c8160169ef3e1f01d",
    "name": "i18n_ar_AR",
    "path": "i18n_ar_AR.apk"
  },
  {
    "disabled": false,
    "hash": "ce95d36d8989d22d0e0fcb51aad359557e18dda535fbea54f889fa93f85e4b57",
    "name": "i18n_bg_BG",
    "path": "i18n_bg_BG.apk"
  },
  {
    "disabled": false,
    "hash": "cb4521b9382019f80ba9ca66f80bdf7d92203fcdf5410ec64b165447189cefec",
    "name": "i18n_bn_IN",
    "path": "i18n_bn_IN.apk"
  },
  {
    "disabled": false,
    "hash": "3a248d5305aa3b25b91c5da394b486e1fca7d9bf9256a505e001baf5f77f5fab",
    "name": "i18n_cs_CZ",
    "path": "i18n_cs_CZ.apk"
  },
  {
    "disabled": false,
    "hash": "8fd5f8c09cf67c78aa8515ab71973534512c544a7b8c066ec20a123d9be80878",
    "name": "i18n_da_DK",
    "path": "i18n_da_DK.apk"
  },
  {
    "disabled": false,
    "hash": "fb488b87284b3edab0594f497169e5e833b7ca87c85c0d50eb50b31ebe0bec69",
    "name": "i18n_de_DE",
    "path": "i18n_de_DE.apk"
  },
  {
    "disabled": false,
    "hash": "b40a847ceea5a9c5620d23599bc9aaa6872bb0e3cb4dd640c3975d06aa9557f0",
    "name": "i18n_el_GR",
    "path": "i18n_el_GR.apk"
  },
  {
    "disabled": false,
    "hash": "1e7a7734a5dce0d61431ddbb4711102c01ddfb685903af50134b96e6a4171cb4",
    "name": "i18n_en_GB",
    "path": "i18n_en_GB.apk"
  },
  {
    "disabled": false,
    "hash": "46c37a2b9d791a6470ac64ad9fa70cdcb0ed7c81111da7b7ad99aa996c95c52d",
    "name": "i18n_es_ES",
    "path": "i18n_es_ES.apk"
  },
  {
    "disabled": false,
    "hash": "f3f2b81be1be7decfc226815534e799d83355a04095577bb65ce502c260332ea",
    "name": "i18n_es_LA",
    "path": "i18n_es_LA.apk"
  },
  {
    "disabled": false,
    "hash": "1b5a67ea03d45f24b6e8289800e4c3dddeffe42e59a46e20b589fa884719b104",
    "name": "i18n_fa_IR",
    "path": "i18n_fa_IR.apk"
  },
  {
    "disabled": false,
    "hash": "e41acccaa2f4f8d1bc50f875d39089f0fa6cec6300d51b92a170895b5cb5b3d3",
    "name": "i18n_fb_HA",
    "path": "i18n_fb_HA.apk"
  },
  {
    "disabled": false,
    "hash": "1d8c3812da4edc0c4294121b88705681f837c9d22e288f4d61fe9941f3027162",
    "name": "i18n_fi_FI",
    "path": "i18n_fi_FI.apk"
  },
  {
    "disabled": false,
    "hash": "0dbdf00d84a47f69676335eb0a99899809b62b86adc663dc8791455d10a343a5",
    "name": "i18n_fr_FR",
    "path": "i18n_fr_FR.apk"
  },
  {
    "disabled": false,
    "hash": "c6473e6e944ea3b784f9723d629c6f7eeb9ddfc99c332f618b933371a59e5d17",
    "name": "i18n_gu_IN",
    "path": "i18n_gu_IN.apk"
  },
  {
    "disabled": false,
    "hash": "bf375f940729d7abcddc9feb70b3124e9f66d102e1c163c552e1d1b3cd2364de",
    "name": "i18n_he_IL",
    "path": "i18n_he_IL.apk"
  },
  {
    "disabled": false,
    "hash": "44d629e8f5a632c246b05083a541cf9252cfad04385373b6f1eea0a6cc96a630",
    "name": "i18n_hi_IN",
    "path": "i18n_hi_IN.apk"
  },
  {
    "disabled": false,
    "hash": "16736507df1e069d299c0af85dba076e32649b7cf7fef40ff458fdb09fba9213",
    "name": "i18n_hr_HR",
    "path": "i18n_hr_HR.apk"
  },
  {
    "disabled": false,
    "hash": "0de998c6f6e639ef0c14b13f0b3fc2300a962556ec09c0500980d37e63fd44f6",
    "name": "i18n_hu_HU",
    "path": "i18n_hu_HU.apk"
  },
  {
    "disabled": false,
    "hash": "9146af8a1f8ae0f7e1d82398d006db49dd80613f780dc61d62ac62275a195589",
    "name": "i18n_id_ID",
    "path": "i18n_id_ID.apk"
  },
  {
    "disabled": false,
    "hash": "8ea4bdde59d7ceef2991ce263403f4fe390399e1a5b7d4f85e320432e1010aa0",
    "name": "i18n_it_IT",
    "path": "i18n_it_IT.apk"
  },
  {
    "disabled": false,
    "hash": "20e56a0c8a4871dd4ed535eae85b16541d190ff5f664ccdcac432a45d6eb691a",
    "name": "i18n_ja_JP",
    "path": "i18n_ja_JP.apk"
  },
  {
    "disabled": false,
    "hash": "cfbf2549f68bf83348ca9e64f6d468d3befd90308f4c37ef75c6681626e0dbb4",
    "name": "i18n_km_KH",
    "path": "i18n_km_KH.apk"
  },
  {
    "disabled": false,
    "hash": "1dcc8dfa841bd7b617a5397282c5f2947573fd9182437463803c62ef4128c1e8",
    "name": "i18n_kn_IN",
    "path": "i18n_kn_IN.apk"
  },
  {
    "disabled": false,
    "hash": "5d2cbbf3c9c3a4e564a7df641f9fe66ca4790156b399c8a917df15fd71406d26",
    "name": "i18n_ko_KR",
    "path": "i18n_ko_KR.apk"
  },
  {
    "disabled": false,
    "hash": "b9f19ee8175de855d35597d6c8b915c9c0592891b7fddc01923b486e24caacdb",
    "name": "i18n_ml_IN",
    "path": "i18n_ml_IN.apk"
  },
  {
    "disabled": false,
    "hash": "ed715d2c90457bc3f1f9029b70ccb9966a590ab36d7864a4e2e4b2e175d0de2e",
    "name": "i18n_mr_IN",
    "path": "i18n_mr_IN.apk"
  },
  {
    "disabled": false,
    "hash": "8e192ca6ab9848465203f057b5c6f129580d87843fee5088327ddf5272f93ca8",
    "name": "i18n_ms_MY",
    "path": "i18n_ms_MY.apk"
  },
  {
    "disabled": false,
    "hash": "e6e99d72fbe3597277816387ed17801ea56218a42874e1c67a3bb39f0f5c5195",
    "name": "i18n_my_MM",
    "path": "i18n_my_MM.apk"
  },
  {
    "disabled": false,
    "hash": "6bb768d4c37353aeefb01928c9a73119dd701bdd999bc276e548a8826028d7a2",
    "name": "i18n_nb_NO",
    "path": "i18n_nb_NO.apk"
  },
  {
    "disabled": false,
    "hash": "a0d70a3014b705843554d8bbc89032ef7b4b39a35e652b0485ec94ba226b45a1",
    "name": "i18n_nl_NL",
    "path": "i18n_nl_NL.apk"
  },
  {
    "disabled": false,
    "hash": "6f1aca7a74346036a5a33ffb732afad1f173914592a2b2b18d4a3680bd9f0a7b",
    "name": "i18n_pa_IN",
    "path": "i18n_pa_IN.apk"
  },
  {
    "disabled": false,
    "hash": "f8564a9b5e2805a868cbf8d003dac0411967f92134d627cd9bc294a2f6ddb586",
    "name": "i18n_pl_PL",
    "path": "i18n_pl_PL.apk"
  },
  {
    "disabled": false,
    "hash": "af3e7674d049736eb89726771fe34309f6ccca4757c414b2901157fe4f8e0c5b",
    "name": "i18n_pt_BR",
    "path": "i18n_pt_BR.apk"
  },
  {
    "disabled": false,
    "hash": "69ee3b7d40820ef8d410924d14cefded5dab1e0a8f7711f8c91c1f06853d1cc0",
    "name": "i18n_pt_PT",
    "path": "i18n_pt_PT.apk"
  },
  {
    "disabled": false,
    "hash": "a30d50819b1e4d958f0175c1892e54ae0ad7489e6d4a670e327cde36e32612a6",
    "name": "i18n_ro_RO",
    "path": "i18n_ro_RO.apk"
  },
  {
    "disabled": false,
    "hash": "d410e89c5584406626730a6648932ffa32d0f6fac99138218b282c1494ed3527",
    "name": "i18n_ru_RU",
    "path": "i18n_ru_RU.apk"
  },
  {
    "disabled": false,
    "hash": "ba43e208839ed5c581ea13cb205ef8657b0985d08d6d27d89cdd587d9792e23d",
    "name": "i18n_sk_SK",
    "path": "i18n_sk_SK.apk"
  },
  {
    "disabled": false,
    "hash": "7ae43887fab6983761af944db99a335f722206152b4e01fcc88554cca66a5989",
    "name": "i18n_sr_RS",
    "path": "i18n_sr_RS.apk"
  },
  {
    "disabled": false,
    "hash": "84ab7d9ce9def4665d29be035377226294160ead0c4aefa55c82dbecbf06d164",
    "name": "i18n_sv_SE",
    "path": "i18n_sv_SE.apk"
  },
  {
    "disabled": false,
    "hash": "233b8828aa5dae03a337318b4293c7c8fb02a0a9680b8d5c391b9b447a2aa09b",
    "name": "i18n_ta_IN",
    "path": "i18n_ta_IN.apk"
  },
  {
    "disabled": false,
    "hash": "321c85aff5f65a8a05dd955c334ebe19aa325e68d1b394e265062e6b69c38a5f",
    "name": "i18n_te_IN",
    "path": "i18n_te_IN.apk"
  },
  {
    "disabled": false,
    "hash": "6a614cd70fe6463c192f4675bbe2e668c0e03d5cc9a27012ac59dd9b232242ab",
    "name": "i18n_th_TH",
    "path": "i18n_th_TH.apk"
  },
  {
    "disabled": false,
    "hash": "c810738e6813d408c9bfb906dc7fb7b74da74eb43d250040ed8863c20ee61aaa",
    "name": "i18n_tl_PH",
    "path": "i18n_tl_PH.apk"
  },
  {
    "disabled": false,
    "hash": "f46d763194baf1698861a94812ca86ee077c57ae0507cec285f74f78eca20c44",
    "name": "i18n_tr_TR",
    "path": "i18n_tr_TR.apk"
  },
  {
    "disabled": false,
    "hash": "c66753d003912c1d67c0fe8eaf80b44b4e39f79d17dec82acb23df1adb942330",
    "name": "i18n_uk_UA",
    "path": "i18n_uk_UA.apk"
  },
  {
    "disabled": false,
    "hash": "07971a17cd02eecdd502c18082e50d4b6e3b479caad18a98b31079bad352c87f",
    "name": "i18n_vi_VN",
    "path": "i18n_vi_VN.apk"
  },
  {
    "disabled": false,
    "hash": "0d906d6078836fb2ac537a8727a6592a0b7113a1c4be50653635bb30f8572f5e",
    "name": "i18n_zh_CN",
    "path": "i18n_zh_CN.apk"
  },
  {
    "disabled": false,
    "hash": "bf8c9d6ff0e7b98fe03a0f55207e9a1db688482b5f9a14c5e0cf0605566a97a6",
    "name": "i18n_zh_HK",
    "path": "i18n_zh_HK.apk"
  },
  {
    "disabled": false,
    "hash": "be4f0ebe0e3619a7a2f1b3d8ad491662536b41e07903eebc94b84bad80c83a1d",
    "name": "i18n_zh_TW",
    "path": "i18n_zh_TW.apk"
  },
  {
    "disabled": false,
    "hash": "f55c27f0c05a8391ff6ba53e915cd4219a2e1dc7dd75ea625c33903249773ad7",
    "name": "instantgamesads",
    "path": "instantgamesads.apk"
  },
  {
    "disabled": false,
    "hash": "6fd35550c92d6f6fb515b68c972d711e143f098c6b97cb3068d4aa87ecdb620d",
    "name": "internalprefs",
    "path": "internalprefs.apk"
  },
  {
    "disabled": false,
    "hash": "70a9142e90bb0ca346e465a59a9a767364950cefbc66634f0737c5d576166087",
    "name": "mapbox",
    "path": "mapbox.apk"
  },
  {
    "disabled": false,
    "hash": "e4fc3654de5503900693776f9a9f119179e5fe0f0e298eb62141f5d7b1b60608",
    "name": "metaaivoiceclient",
    "path": "metaaivoiceclient.apk"
  },
  {
    "disabled": true,
    "hash": "4607f95afb575b77f63be7e6465b27e7f59c63b63a0f68dd0f464c5aba717eb4",
    "name": "mlkittextrecognition",
    "path": "mlkittextrecognition.apk"
  },
  {
    "disabled": false,
    "hash": "fe421263fcee37a71b12cd3d9601417d5b2038f5fd3a78959ec2c0dae1266604",
    "name": "papaya",
    "path": "papaya.apk"
  },
  {
    "disabled": false,
    "hash": "039809c159da56b99b7fd7f954bfeacbe5a17665c44535a70d6f51272c5c2c43",
    "name": "s_2090101895",
    "path": "s_2090101895.apk"
  },
  {
    "disabled": false,
    "hash": "4d2b81e57885d7a22f6c4aaeb8a86e63408cdff5239d44a06332693fdb18bee3",
    "name": "s_416359002",
    "path": "s_416359002.apk"
  },
  {
    "disabled": false,
    "hash": "98fa18ed5f6cdc9a8de816301dda4f5b073a77d184434da8ecfe0fe606a5ab1b",
    "name": "s_compphoto_fb4a_stories_editor",
    "path": "s_compphoto_fb4a_stories_editor.apk"
  },
  {
    "disabled": false,
    "hash": "0bd51a9957f44ce1fb857bcc28f5100917629c2706c60d20246e04f30498812c",
    "name": "s_fb4a_stories_editor_fb4a_stories_homebase",
    "path": "s_fb4a_stories_editor_fb4a_stories_homebase.apk"
  },
  {
    "disabled": false,
    "hash": "ca8875ef7971326b17e1e2e2710ceec52a1f308fcd58e00a2d47d4d95f71b9cc",
    "name": "slam",
    "path": "slam.apk"
  },
  {
    "disabled": false,
    "hash": "5f17fd3139d185a13c2a1f379121e3e0cb83ec2ac1b2a25368be8b295ac33d28",
    "name": "supmediastreamcontroller",
    "path": "supmediastreamcontroller.apk"
  }
]