{"v":"5.12.2","fr":30,"ip":0,"op":90,"w":44,"h":44,"nm":"Signals_3s_White","ddd":0,"assets":[],"layers":[{"ddd":0,"ind":1,"ty":4,"nm":"Star","sr":1,"ks":{"o":{"a":0,"k":100,"ix":11},"r":{"a":1,"k":[{"i":{"x":[0.667],"y":[1]},"o":{"x":[0.333],"y":[0]},"t":-73,"s":[-5]},{"i":{"x":[0.667],"y":[1]},"o":{"x":[0.333],"y":[0]},"t":-28,"s":[5]},{"i":{"x":[0.667],"y":[1]},"o":{"x":[0.333],"y":[0]},"t":16,"s":[-5]},{"i":{"x":[0.667],"y":[1]},"o":{"x":[0.333],"y":[0]},"t":61,"s":[5]},{"t":105,"s":[-5]}],"ix":10},"p":{"a":1,"k":[{"i":{"x":0.56,"y":1},"o":{"x":0.44,"y":0},"t":0,"s":[15.583,28.417,0],"to":[0,0,0],"ti":[0,0,0]},{"i":{"x":0.56,"y":1},"o":{"x":0.44,"y":0},"t":44.5,"s":[28.188,28.417,0],"to":[0,0,0],"ti":[0,0,0]},{"t":89,"s":[15.583,28.417,0]}],"ix":2,"l":2},"a":{"a":0,"k":[0,0,0],"ix":1,"l":2},"s":{"a":1,"k":[{"i":{"x":[0.667,0.667,0.667],"y":[1,1,1]},"o":{"x":[0.333,0.333,0.333],"y":[0,0,0]},"t":3,"s":[45.833,45.833,100]},{"i":{"x":[0.667,0.667,0.667],"y":[1,1,1]},"o":{"x":[0.333,0.333,0.333],"y":[0,0,0]},"t":26,"s":[50.417,50.417,100]},{"i":{"x":[0.667,0.667,0.667],"y":[1,1,1]},"o":{"x":[0.333,0.333,0.333],"y":[0,0,0]},"t":48,"s":[45.833,45.833,100]},{"i":{"x":[0.667,0.667,0.667],"y":[1,1,1]},"o":{"x":[0.333,0.333,0.333],"y":[0,0,0]},"t":71,"s":[50.417,50.417,100]},{"t":93,"s":[45.833,45.833,100]}],"ix":6,"l":2}},"ao":0,"shapes":[{"ty":"gr","it":[{"ind":0,"ty":"sh","ix":1,"ks":{"a":0,"k":{"i":[[0,0],[-1.604,-3.734],[0,0],[-1.094,-0.468],[0,0],[3.744,-1.6],[0,0],[0.469,-1.091],[0,0],[1.666,3.654],[0,0],[1.043,0.458],[0,0],[-3.725,1.592],[0,0],[-0.468,1.091]],"o":[[1.604,-3.734],[0,0],[0.469,1.091],[0,0],[3.744,1.6],[0,0],[-1.094,0.468],[0,0],[-1.585,3.689],[0,0],[-0.472,-1.034],[0,0],[-3.709,-1.627],[0,0],[1.093,-0.468],[0,0]],"v":[[-4.193,-27.199],[4.323,-27.199],[10.454,-12.933],[12.888,-10.506],[27.192,-4.392],[27.192,4.102],[12.888,10.216],[10.454,12.643],[4.199,27.2],[-4.277,27.292],[-10.996,12.551],[-13.348,10.233],[-27.233,4.14],[-27.192,-4.336],[-12.757,-10.506],[-10.324,-12.933]],"c":true},"ix":2},"nm":"Path 1","mn":"ADBE Vector Shape - Group","hd":false},{"ty":"fl","c":{"a":0,"k":[0.41568627451,0.443137254902,0.478431372549,1],"ix":4},"o":{"a":0,"k":100,"ix":5},"r":1,"bm":0,"nm":"Fill 1","mn":"ADBE Vector Graphic - Fill","hd":false},{"ty":"tr","p":{"a":0,"k":[0,0],"ix":2},"a":{"a":0,"k":[0,0],"ix":1},"s":{"a":0,"k":[100,100],"ix":3},"r":{"a":0,"k":0,"ix":6},"o":{"a":0,"k":100,"ix":7},"sk":{"a":0,"k":0,"ix":4},"sa":{"a":0,"k":0,"ix":5},"nm":"Transform"}],"nm":"Group 1","np":2,"cix":2,"bm":0,"ix":1,"mn":"ADBE Vector Group","hd":false}],"ip":0,"op":90,"st":-30,"ct":1,"bm":0},{"ddd":0,"ind":2,"ty":4,"nm":"Circle 4","sr":1,"ks":{"o":{"a":0,"k":100,"ix":11},"r":{"a":0,"k":0,"ix":10},"p":{"a":1,"k":[{"i":{"x":0.833,"y":0.833},"o":{"x":0.167,"y":0.167},"t":6,"s":[8.691,24.271,0],"to":[0.59,-7.199,0],"ti":[-8.004,4.833,0]},{"t":45,"s":[11.327,3.761,0]}],"ix":2,"l":2},"a":{"a":0,"k":[0,0,0],"ix":1,"l":2},"s":{"a":1,"k":[{"i":{"x":[0.667,0.667,0.667],"y":[1,1,1]},"o":{"x":[0.167,0.167,0.167],"y":[0.167,0.167,0]},"t":6,"s":[0,0,100]},{"i":{"x":[0.833,0.833,0.833],"y":[0.833,0.833,1]},"o":{"x":[0.333,0.333,0.333],"y":[0,0,0]},"t":26,"s":[45.833,45.833,100]},{"t":45,"s":[0,0,100]}],"ix":6,"l":2}},"ao":0,"shapes":[{"ty":"gr","it":[{"ind":0,"ty":"sh","ix":1,"ks":{"a":0,"k":{"i":[[-6.627,0],[0,6.627],[6.627,0],[0,-6.627]],"o":[[6.627,0],[0,-6.627],[-6.627,0],[0,6.627]],"v":[[0,12],[12,0],[0,-12],[-12,0]],"c":true},"ix":2},"nm":"Path 1","mn":"ADBE Vector Shape - Group","hd":false},{"ty":"fl","c":{"a":0,"k":[0.41568627451,0.443137254902,0.478431372549,1],"ix":4},"o":{"a":0,"k":100,"ix":5},"r":1,"bm":0,"nm":"Fill 1","mn":"ADBE Vector Graphic - Fill","hd":false},{"ty":"tr","p":{"a":0,"k":[0,0],"ix":2},"a":{"a":0,"k":[0,0],"ix":1},"s":{"a":0,"k":[100,100],"ix":3},"r":{"a":0,"k":0,"ix":6},"o":{"a":0,"k":100,"ix":7},"sk":{"a":0,"k":0,"ix":4},"sa":{"a":0,"k":0,"ix":5},"nm":"Transform"}],"nm":"Group 1","np":2,"cix":2,"bm":0,"ix":1,"mn":"ADBE Vector Group","hd":false}],"ip":0,"op":90,"st":-30,"ct":1,"bm":0},{"ddd":0,"ind":3,"ty":4,"nm":"Plus","sr":1,"ks":{"o":{"a":0,"k":100,"ix":11},"r":{"a":1,"k":[{"i":{"x":[0.833],"y":[0.833]},"o":{"x":[0.167],"y":[0.167]},"t":30,"s":[0]},{"t":69,"s":[-173]}],"ix":10},"p":{"a":1,"k":[{"i":{"x":0.833,"y":0.833},"o":{"x":0.167,"y":0.167},"t":30,"s":[19.118,21.178,0],"to":[-5.139,-4.219,0],"ti":[-7.66,4.145,0]},{"t":69,"s":[17.4,2.615,0]}],"ix":2,"l":2},"a":{"a":0,"k":[0,0,0],"ix":1,"l":2},"s":{"a":1,"k":[{"i":{"x":[0.667,0.667,0.667],"y":[1,1,1]},"o":{"x":[0.167,0.167,0.167],"y":[0.167,0.167,0]},"t":30,"s":[0,0,100]},{"i":{"x":[0.833,0.833,0.833],"y":[0.833,0.833,1]},"o":{"x":[0.333,0.333,0.333],"y":[0,0,0]},"t":50,"s":[45.833,45.833,100]},{"t":69,"s":[0,0,100]}],"ix":6,"l":2}},"ao":0,"shapes":[{"ty":"gr","it":[{"ind":0,"ty":"sh","ix":1,"ks":{"a":0,"k":{"i":[[3.388,0.703],[0,0],[0,0],[3.388,0.703],[0.703,-3.388],[0,0],[0,0],[0.703,-3.388],[-3.388,-0.703],[0,0],[0,0],[-3.388,-0.703],[-0.703,3.388],[0,0],[0,0],[-0.703,3.388]],"o":[[0,0],[0,0],[0.703,-3.388],[-3.388,-0.703],[0,0],[0,0],[-3.388,-0.703],[-0.703,3.388],[0,0],[0,0],[-0.703,3.388],[3.388,0.703],[0,0],[0,0],[3.388,0.703],[0.703,-3.388]],"v":[[13.068,-3.555],[7.586,-4.693],[8.796,-10.521],[3.934,-17.93],[-3.475,-13.068],[-4.684,-7.24],[-10.521,-8.451],[-17.93,-3.59],[-13.068,3.819],[-7.231,5.031],[-8.371,10.521],[-3.509,17.93],[3.9,13.068],[5.039,7.577],[10.521,8.715],[17.93,3.853]],"c":true},"ix":2},"nm":"Path 1","mn":"ADBE Vector Shape - Group","hd":false},{"ty":"fl","c":{"a":0,"k":[0.41568627451,0.443137254902,0.478431372549,1],"ix":4},"o":{"a":0,"k":100,"ix":5},"r":1,"bm":0,"nm":"Fill 1","mn":"ADBE Vector Graphic - Fill","hd":false},{"ty":"tr","p":{"a":0,"k":[0,0],"ix":2},"a":{"a":0,"k":[0,0],"ix":1},"s":{"a":0,"k":[100,100],"ix":3},"r":{"a":0,"k":0,"ix":6},"o":{"a":0,"k":100,"ix":7},"sk":{"a":0,"k":0,"ix":4},"sa":{"a":0,"k":0,"ix":5},"nm":"Transform"}],"nm":"Group 1","np":2,"cix":2,"bm":0,"ix":1,"mn":"ADBE Vector Group","hd":false}],"ip":0,"op":90,"st":-30,"ct":1,"bm":0},{"ddd":0,"ind":4,"ty":4,"nm":"Triangle 3","sr":1,"ks":{"o":{"a":0,"k":100,"ix":11},"r":{"a":1,"k":[{"i":{"x":[0.833],"y":[0.833]},"o":{"x":[0.167],"y":[0.167]},"t":-15,"s":[-74]},{"i":{"x":[0.833],"y":[0.833]},"o":{"x":[0.167],"y":[0.167]},"t":28,"s":[-138]},{"i":{"x":[0.833],"y":[0.833]},"o":{"x":[0.167],"y":[0.167]},"t":76,"s":[-74]},{"t":119,"s":[-138]}],"ix":10},"p":{"a":1,"k":[{"i":{"x":0.833,"y":0.833},"o":{"x":0.167,"y":0.167},"t":-15,"s":[24.717,23.35,0],"to":[0.02,-8.04,0],"ti":[-4.803,1.58,0]},{"i":{"x":0.833,"y":0.833},"o":{"x":0.167,"y":0.167},"t":9,"s":[34.758,14.588,0],"to":[3.055,-1.004,0],"ti":[-1.145,5.889,0]},{"i":{"x":0.833,"y":0.833},"o":{"x":0.167,"y":0.167},"t":28,"s":[41.404,5.705,0],"to":[2.946,-15.15,0],"ti":[-0.033,13.152,0]},{"i":{"x":0.833,"y":0.833},"o":{"x":0.167,"y":0.167},"t":76,"s":[24.717,23.35,0],"to":[0.033,-13.152,0],"ti":[-2.946,15.15,0]},{"t":119,"s":[41.904,5.705,0]}],"ix":2,"l":2},"a":{"a":0,"k":[2.5,1.5,0],"ix":1,"l":2},"s":{"a":1,"k":[{"i":{"x":[0.667,0.667,0.667],"y":[1,1,1]},"o":{"x":[0.167,0.167,0.167],"y":[0.167,0.167,0]},"t":-15,"s":[0,0,100]},{"i":{"x":[0.833,0.833,0.833],"y":[0.833,0.833,1]},"o":{"x":[0.333,0.333,0.333],"y":[0,0,0]},"t":9,"s":[45.833,45.833,100]},{"i":{"x":[0.833,0.833,0.833],"y":[0.833,0.833,0.833]},"o":{"x":[0.167,0.167,0.167],"y":[0.167,0.167,0.167]},"t":28,"s":[0,0,100]},{"i":{"x":[0.667,0.667,0.667],"y":[1,1,1]},"o":{"x":[0.167,0.167,0.167],"y":[0.167,0.167,0]},"t":76,"s":[0,0,100]},{"i":{"x":[0.833,0.833,0.833],"y":[0.833,0.833,1]},"o":{"x":[0.333,0.333,0.333],"y":[0,0,0]},"t":100,"s":[45.833,45.833,100]},{"t":119,"s":[0,0,100]}],"ix":6,"l":2}},"ao":0,"shapes":[{"ty":"gr","it":[{"ind":0,"ty":"sh","ix":1,"ks":{"a":0,"k":{"i":[[-1.577,-0.493],[-0.361,-1.612],[0,0],[1.215,-1.119],[1.577,0.493],[0,0],[0.361,1.612],[-1.216,1.119],[0,0]],"o":[[1.577,0.493],[0,0],[0.361,1.612],[-1.216,1.119],[0,0],[-1.577,-0.493],[-0.361,-1.612],[0,0],[1.215,-1.119]],"v":[[7.47,-15.9],[10.601,-12.498],[15.747,10.476],[14.366,14.889],[9.853,15.9],[-12.615,8.869],[-15.746,5.467],[-14.366,1.054],[2.958,-14.889]],"c":true},"ix":2},"nm":"Path 1","mn":"ADBE Vector Shape - Group","hd":false},{"ty":"fl","c":{"a":0,"k":[0.41568627451,0.443137254902,0.478431372549,1],"ix":4},"o":{"a":0,"k":100,"ix":5},"r":1,"bm":0,"nm":"Fill 1","mn":"ADBE Vector Graphic - Fill","hd":false},{"ty":"tr","p":{"a":0,"k":[0,0],"ix":2},"a":{"a":0,"k":[0,0],"ix":1},"s":{"a":0,"k":[100,100],"ix":3},"r":{"a":0,"k":0,"ix":6},"o":{"a":0,"k":100,"ix":7},"sk":{"a":0,"k":0,"ix":4},"sa":{"a":0,"k":0,"ix":5},"nm":"Transform"}],"nm":"Group 1","np":2,"cix":2,"bm":0,"ix":1,"mn":"ADBE Vector Group","hd":false}],"ip":0,"op":90,"st":-30,"ct":1,"bm":0},{"ddd":0,"ind":5,"ty":4,"nm":"Triangle 2","sr":1,"ks":{"o":{"a":0,"k":100,"ix":11},"r":{"a":1,"k":[{"i":{"x":[0.833],"y":[0.833]},"o":{"x":[0.167],"y":[0.167]},"t":46,"s":[0]},{"t":89,"s":[113]}],"ix":10},"p":{"a":1,"k":[{"i":{"x":0.833,"y":0.833},"o":{"x":0.167,"y":0.167},"t":46,"s":[33.769,21.861,0],"to":[1.637,-3.986,0],"ti":[3.241,11.254,0]},{"t":89,"s":[33.769,2.382,0]}],"ix":2,"l":2},"a":{"a":0,"k":[2.5,1.5,0],"ix":1,"l":2},"s":{"a":1,"k":[{"i":{"x":[0.667,0.667,0.667],"y":[1,1,1]},"o":{"x":[0.167,0.167,0.167],"y":[0.167,0.167,0]},"t":46,"s":[0,0,100]},{"i":{"x":[0.833,0.833,0.833],"y":[0.833,0.833,1]},"o":{"x":[0.333,0.333,0.333],"y":[0,0,0]},"t":70,"s":[45.833,45.833,100]},{"t":89,"s":[0,0,100]}],"ix":6,"l":2}},"ao":0,"shapes":[{"ty":"gr","it":[{"ind":0,"ty":"sh","ix":1,"ks":{"a":0,"k":{"i":[[-1.577,-0.493],[-0.361,-1.612],[0,0],[1.215,-1.119],[1.577,0.493],[0,0],[0.361,1.612],[-1.216,1.119],[0,0]],"o":[[1.577,0.493],[0,0],[0.361,1.612],[-1.216,1.119],[0,0],[-1.577,-0.493],[-0.361,-1.612],[0,0],[1.215,-1.119]],"v":[[7.47,-15.9],[10.601,-12.498],[15.747,10.476],[14.366,14.889],[9.853,15.9],[-12.615,8.869],[-15.746,5.467],[-14.366,1.054],[2.958,-14.889]],"c":true},"ix":2},"nm":"Path 1","mn":"ADBE Vector Shape - Group","hd":false},{"ty":"fl","c":{"a":0,"k":[0.41568627451,0.443137254902,0.478431372549,1],"ix":4},"o":{"a":0,"k":100,"ix":5},"r":1,"bm":0,"nm":"Fill 1","mn":"ADBE Vector Graphic - Fill","hd":false},{"ty":"tr","p":{"a":0,"k":[0,0],"ix":2},"a":{"a":0,"k":[0,0],"ix":1},"s":{"a":0,"k":[100,100],"ix":3},"r":{"a":0,"k":0,"ix":6},"o":{"a":0,"k":100,"ix":7},"sk":{"a":0,"k":0,"ix":4},"sa":{"a":0,"k":0,"ix":5},"nm":"Transform"}],"nm":"Group 1","np":2,"cix":2,"bm":0,"ix":1,"mn":"ADBE Vector Group","hd":false}],"ip":0,"op":90,"st":-30,"ct":1,"bm":0}],"markers":[{"tm":0,"cm":"","dr":89}],"props":{}}